{"cameraMode":{"drawMode":0,"name":"Shaded","section":"Shading Mode"},"sceneLighting":true,"audioPlay":false,"sceneViewState":{"showFog":true,"showMaterialUpdate":false,"showSkybox":true,"showFlares":true,"showImageEffects":true,"showParticleSystems":true},"in2DMode":false,"pivot":{"x":-0.052602026611566547,"y":0.29423773288726809,"z":0.152632474899292},"rotation":{"x":-0.2056920826435089,"y":0.12147963792085648,"z":-0.025738941505551339,"w":-0.9707123637199402},"size":1.0071067810058594,"orthographic":false}