{"cameraMode":{"drawMode":0,"name":"Shaded","section":"Shading Mode"},"sceneLighting":true,"audioPlay":false,"sceneViewState":{"showFog":true,"showMaterialUpdate":false,"showSkybox":true,"showFlares":true,"showImageEffects":true,"showParticleSystems":true},"in2DMode":false,"pivot":{"x":0.0036472827196121217,"y":0.1268673986196518,"z":0.08176644146442414},"rotation":{"x":-0.2930784225463867,"y":0.3107653558254242,"z":-0.10136563330888748,"w":-0.8984824419021606},"size":1.0071067810058594,"orthographic":false}